in:H Roof,in:H Floor,in:L Tank,out:FoS1,out:FoS2,out:FoS3,out:FoS4,out:FoS5a,out:FoS5b,img
1000,1000,22000,-1.152539,0.474691,0.474691,-1.148567,-1.20413,-1.187792,HRoof1000_HFloor1000_LTank22000_Top.png
1100,1000,22000,-1.167681,0.625789,0.625789,-1.16376,-1.218598,-1.202473,HRoof1100_HFloor1000_LTank22000_Top.png
1000,1050,22000,-1.160841,0.557043,0.557043,-1.156897,-1.212063,-1.195842,HRoof1000_HFloor1050_LTank22000_Top.png
1100,1050,22000,-1.175768,0.708141,0.708141,-1.171875,-1.226326,-1.210315,HRoof1100_HFloor1050_LTank22000_Top.png
1000,1000,22050,-1.152949,0.474691,0.474691,-1.148976,-1.20413,-1.187792,HRoof1000_HFloor1000_LTank22050_Top.png
1100,1000,22050,-1.168085,0.625789,0.625789,-1.164164,-1.218598,-1.202473,HRoof1100_HFloor1000_LTank22050_Top.png
1000,1050,22050,-1.161247,0.557043,0.557043,-1.157303,-1.212063,-1.195842,HRoof1000_HFloor1050_LTank22050_Top.png
1100,1050,22050,-1.176169,0.708141,0.708141,-1.172276,-1.226326,-1.210315,HRoof1100_HFloor1050_LTank22050_Top.png
