in:Required H Floor,in:Required H Roof,in:Required L Ballast,out:FoC_1,out:FoC_2,out:FoC_3,out:FoC_4,out:FoC_5,img
1200,1200,22200,1.262198,1.262198,1.262198,1.262198,1.262198,RequiredHFloor1200_RequiredHRoof1200_RequiredLBallast22200_Front.png
1200,1200,22000,1.262198,1.262198,1.262198,1.262198,1.262198,RequiredHFloor1200_RequiredHRoof1200_RequiredLBallast22000_Front.png
1200,1200,22050,1.262198,1.262198,1.262198,1.262198,1.262198,RequiredHFloor1200_RequiredHRoof1200_RequiredLBallast22050_Front.png
1200,1200,22100,1.262198,1.262198,1.262198,1.262198,1.262198,RequiredHFloor1200_RequiredHRoof1200_RequiredLBallast22100_Front.png
1200,1200,22150,1.262198,1.262198,1.262198,1.262198,1.262198,RequiredHFloor1200_RequiredHRoof1200_RequiredLBallast22150_Front.png
